measure,source_file
"Loan Applications","Measure.tmdl"
"Borrowers","Measure.tmdl"
"Loan Amount","Measure.tmdl"
"Funded Amount","Measure.tmdl"
"Outstanding Principal","Measure.tmdl"
"Total Payments","Measure.tmdl"
"Expected Repayment","Measure.tmdl"
"Recovery Rate","Measure.tmdl"
"Good Loan Count","Measure.tmdl"
"Neutral Loan Count","Measure.tmdl"
"Bad Loan Count","Measure.tmdl"
"Bad Loan Rate","Measure.tmdl"
"Average Loan Amount","Measure.tmdl"
"Average Interest Rate","Measure.tmdl"
"Average DTI","Measure.tmdl"
"Funding Rate","Measure.tmdl"
"Loans per Borrower","Measure.tmdl"
"Income Verification Rate","Measure.tmdl"
"Verified Borrower Funded Amount","Measure.tmdl"
"Active Grades","Measure.tmdl"
"Low Recovery Exposure","Measure.tmdl"
"High Risk Rule Loans","Measure.tmdl"
"High Risk Rule Rate","Measure.tmdl"
"60M Bad Loan Rate","Measure.tmdl"
"Recovery Target Gap","Measure.tmdl"
"Verification Bad Rate Gap","Measure.tmdl"
"Expected Loss","Measure.tmdl"
"State Loan Rank","Measure.tmdl"
"Top 5 State Loan Amount","Measure.tmdl"
"Purpose Loan Rank","Measure.tmdl"
"Top 5 Purpose Loan Amount","Measure.tmdl"
"Purpose Recovery Risk Rank","Measure.tmdl"
"Top 5 Purpose Low Recovery Exposure","Measure.tmdl"
"Loan Amount Previous Month","Measure.tmdl"
"Loan Amount MoM","Measure.tmdl"
"Loan Amount Previous Year","Measure.tmdl"
"Loan Amount YoY","Measure.tmdl"
"Funded Amount Previous Month","Measure.tmdl"
"Funded Amount MoM","Measure.tmdl"
"Loan Applications Previous Month","Measure.tmdl"
"Loan Applications MoM","Measure.tmdl"
"Outstanding Principal Previous Month","Measure.tmdl"
"Outstanding Principal MoM","Measure.tmdl"
"Bad Loan Rate Previous Month","Measure.tmdl"
"Bad Loan Rate Variance pp","Measure.tmdl"
"Borrowers Previous Month","Measure.tmdl"
"Borrowers MoM","Measure.tmdl"
"Verified Funding Previous Month","Measure.tmdl"
"Verified Funding MoM","Measure.tmdl"
"Avg Loan Previous Month","Measure.tmdl"
"Avg Loan MoM","Measure.tmdl"
"Avg Interest Previous Month","Measure.tmdl"
"Avg Interest MoM","Measure.tmdl"
"Loans per Borrower Previous Month","Measure.tmdl"
"Loans per Borrower MoM","Measure.tmdl"
"Income Verification Previous Month","Measure.tmdl"
"Income Verification Variance pp","Measure.tmdl"
"Active Grades Previous Month","Measure.tmdl"
"Active Grades MoM","Measure.tmdl"
"Low Recovery Exposure Previous Month","Measure.tmdl"
"Low Recovery Exposure MoM","Measure.tmdl"
"Recovery Rate Previous Month","Measure.tmdl"
"Recovery Rate Variance pp","Measure.tmdl"
"KPI Loan Amount Display","Measure.tmdl"
"KPI Funded Amount Display","Measure.tmdl"
"KPI Loan Applications Display","Measure.tmdl"
"KPI Outstanding Principal Display","Measure.tmdl"
"KPI Bad Loan Rate Display","Measure.tmdl"
"KPI Borrowers Display","Measure.tmdl"
"KPI Loan Amount per Customer Display","Measure.tmdl"
"KPI Avg Loan Display","Measure.tmdl"
"KPI Loans per Borrower Display","Measure.tmdl"
"KPI Income Verification Display","Measure.tmdl"
"KPI Grades Display","Measure.tmdl"
"KPI Recovery Rate Display","Measure.tmdl"
"KPI Low Recovery Exposure Display","Measure.tmdl"
"KPI Avg Interest Display","Measure.tmdl"
"Investor Funds","Measure.tmdl"
"Loan Received","Measure.tmdl"
"Raw Default Count","Measure.tmdl"
"Raw Default Rate","Measure.tmdl"
"Good Loan Rate","Measure.tmdl"
"Bad Loan Funded Amount","Measure.tmdl"
"Portfolio ROI","Measure.tmdl"
"Term 36M Applications","Measure.tmdl"
"Term 60M Applications","Measure.tmdl"
"Term 60M Share","Measure.tmdl"
"Average Delinquencies","Measure.tmdl"
"Public Record Rate","Measure.tmdl"
"Portfolio ROI Previous Month","Measure.tmdl"
"Portfolio ROI MoM","Measure.tmdl"
"Raw Default Rate Previous Month","Measure.tmdl"
"Raw Default Rate MoM","Measure.tmdl"
"Average DTI Previous Month","Measure.tmdl"
"Average DTI MoM","Measure.tmdl"
"Seasoned Loan Applications","Measure.tmdl"
"Early Stage Loan Applications","Measure.tmdl"
"Seasoning Coverage","Measure.tmdl"
"Seasoned Bad Loan Count","Measure.tmdl"
"Seasoned Bad Loan Rate","Measure.tmdl"
"Seasoned Good Loan Count","Measure.tmdl"
"Seasoned Good Loan Rate","Measure.tmdl"
"Seasoned Recovery Rate","Measure.tmdl"
"Seasoning Bad Rate Gap","Measure.tmdl"
"36M Seasoned Bad Loan Rate","Measure.tmdl"
"60M Seasoned Bad Loan Rate","Measure.tmdl"
"Term Risk Gap","Measure.tmdl"
"High Risk Rule Seasoned Loans","Measure.tmdl"
"High Risk Rule Seasoned Bad Rate","Measure.tmdl"
"High Risk Rule Lift","Measure.tmdl"
"Model AUC","Measure.tmdl"
"Driver Importance","Measure.tmdl"
"Rule Loans","Measure.tmdl"
"Rule Bad Loans","Measure.tmdl"
"Rule Bad Rate","Measure.tmdl"
"Rule Lift","Measure.tmdl"
"Top Rule Bad Rate","Measure.tmdl"
"Seasoned Loan Applications Previous Month","Measure.tmdl"
"Seasoned Loan Applications MoM","Measure.tmdl"
"Seasoned Bad Loan Rate Previous Month","Measure.tmdl"
"Seasoned Bad Loan Rate Variance pp","Measure.tmdl"
"Seasoned Good Loan Rate Previous Month","Measure.tmdl"
"Seasoned Good Loan Rate Variance pp","Measure.tmdl"
"Seasoned Recovery Rate Previous Month","Measure.tmdl"
"Seasoned Recovery Rate Variance pp","Measure.tmdl"
"KPI Seasoned Applications Display","Measure.tmdl"
"KPI Seasoning Coverage Display","Measure.tmdl"
"KPI Seasoned Bad Rate Display","Measure.tmdl"
"KPI Seasoned Good Rate Display","Measure.tmdl"
"KPI Seasoned Recovery Display","Measure.tmdl"
"KPI High Risk Rule Rate Display","Measure.tmdl"
"KPI High Risk Lift Display","Measure.tmdl"
"KPI 60M Bad Rate Display","Measure.tmdl"
"KPI Model AUC Display","Measure.tmdl"
"KPI Top Rule Bad Rate Display","Measure.tmdl"
"Average Delinquencies Previous Month","Measure.tmdl"
"Average Delinquencies MoM","Measure.tmdl"
"Public Record Rate Previous Month","Measure.tmdl"
"Public Record Rate Variance pp","Measure.tmdl"
"KPI Average Delinquencies Display","Measure.tmdl"
"KPI Public Record Rate Display","Measure.tmdl"
"KPI Average DTI Display","Measure.tmdl"
"Purpose Seasoned Bad Rate Rank","Measure.tmdl"
"Top 8 Purpose Seasoned Bad Rate","Measure.tmdl"
"Seasoning Coverage Previous Month","Measure.tmdl"
"Seasoning Coverage Variance pp","Measure.tmdl"
"Model Gini","Measure.tmdl"
"Purpose Application Rank","Measure.tmdl"
"Top 5 Purpose Applications","Measure.tmdl"
"KPI Raw Default Rate Display","Measure.tmdl"
"KPI Portfolio ROI Display","Measure.tmdl"
"KPI Good Loan Rate Display","Measure.tmdl"
"Good Loan Rate Previous Month","Measure.tmdl"
"Good Loan Rate Variance pp","Measure.tmdl"
"KPI MoM Display Borrowers MoM","Measure.tmdl"
"KPI MoM Color Borrowers MoM","Measure.tmdl"
"KPI MoM Display Avg Loan MoM","Measure.tmdl"
"KPI MoM Color Avg Loan MoM","Measure.tmdl"
"KPI MoM Display Seasoned Loan Applications MoM","Measure.tmdl"
"KPI MoM Color Seasoned Loan Applications MoM","Measure.tmdl"
"KPI MoM Display Average Delinquencies MoM","Measure.tmdl"
"KPI MoM Color Average Delinquencies MoM","Measure.tmdl"
"KPI MoM Display Avg Interest MoM","Measure.tmdl"
"KPI MoM Color Avg Interest MoM","Measure.tmdl"
"KPI MoM Display Seasoned Bad Loan Rate Variance pp","Measure.tmdl"
"KPI MoM Color Seasoned Bad Loan Rate Variance pp","Measure.tmdl"
"KPI MoM Display Public Record Rate Variance pp","Measure.tmdl"
"KPI MoM Color Public Record Rate Variance pp","Measure.tmdl"
"KPI MoM Display Seasoned Good Loan Rate Variance pp","Measure.tmdl"
"KPI MoM Color Seasoned Good Loan Rate Variance pp","Measure.tmdl"
"KPI MoM Display Income Verification Variance pp","Measure.tmdl"
"KPI MoM Color Income Verification Variance pp","Measure.tmdl"
"KPI MoM Display Raw Default Rate MoM","Measure.tmdl"
"KPI MoM Color Raw Default Rate MoM","Measure.tmdl"
"KPI MoM Display Seasoned Recovery Rate Variance pp","Measure.tmdl"
"KPI MoM Color Seasoned Recovery Rate Variance pp","Measure.tmdl"
"KPI MoM Display Portfolio ROI MoM","Measure.tmdl"
"KPI MoM Color Portfolio ROI MoM","Measure.tmdl"
"KPI MoM Display Average DTI MoM","Measure.tmdl"
"KPI MoM Color Average DTI MoM","Measure.tmdl"
"KPI MoM Display Low Recovery Exposure MoM","Measure.tmdl"
"KPI MoM Color Low Recovery Exposure MoM","Measure.tmdl"
"KPI MoM Display Seasoning Coverage Variance pp","Measure.tmdl"
"KPI MoM Color Seasoning Coverage Variance pp","Measure.tmdl"
